iter	Logloss
0	0.4741571568
1	0.3172223238
2	0.2275101858
3	0.1690447407
4	0.1303355064
